portfolio,trade id,product,side,created at,size,size unit,price,fee,total,price/fee/total unit
default,70331,USDT-USDC,SELL,2021-05-26T02:36:50.411Z,1.27000000,USDT,1.0012,0.004450334,1.267073666,USDC
default,78568,AVAX-USD,BUY,2021-10-02T04:33:43.918Z,2.49500000,AVAX,65.95,0.575908375,-165.121158375,USD
default,78732,AVAX-USD,BUY,2021-10-02T04:51:05.475Z,1.97000000,AVAX,66.18,0.4563111,-130.8309111,USD
default,273756,USDT-USD,BUY,2021-05-10T01:09:08.203Z,57.20000000,USDT,1.0012,0.20044024,-57.46908024,USD
default,274248,USDT-USD,SELL,2021-05-10T01:20:56.108Z,1.00000000,USDT,1.0011,0.00350385,0.99759615,USD
default,274332,USDT-USD,SELL,2021-05-10T01:22:28.644Z,5.29000000,USDT,1.0012,0.018537218,5.277810782,USD
default,1315278,USDT-USD,BUY,2021-05-26T02:32:48.959Z,1.18000000,USDT,1.001,0.00413413,-1.18531413,USD
default,1504991,AVAX-USD,SELL,2021-11-08T08:15:43.261Z,4.46500000,AVAX,94.17,1.471641675,418.997408325,USD
default,1736914,AVAX-USD,BUY,2021-11-10T20:51:05.726Z,4.45000000,AVAX,83.53,1.30097975,-373.00947975,USD
default,1954993,AVAX-USD,SELL,2021-11-13T19:20:48.569Z,4.45000000,AVAX,94.9,1.4780675,420.8269325,USD
default,1969419,SHIB-USD,BUY,2021-09-17T23:48:00.705Z,14684546.00000000,SHIB,0.00000847,0.6218905231,-124.9999951431,USD
default,2543282,ETH-USDC,SELL,2021-01-11T03:16:46.545Z,0.00300000,ETH,1134.9,0.01191645,3.39278355,USDC
default,2543283,ETH-USDC,SELL,2021-01-11T03:16:46.545Z,0.07944431,ETH,1134.88,0.3155591548648,89.8441993779352,USDC
default,2543284,ETH-USDC,SELL,2021-01-11T03:16:46.545Z,1.13843702,ETH,1134.39,4.5200104989123,1286.9115606188877,USDC
default,2567143,ETH-USDC,BUY,2021-01-11T07:45:40.323Z,0.24393445,ETH,1080.24,0.922277125938,-264.430027393938,USDC
default,2567144,ETH-USDC,BUY,2021-01-11T07:45:40.323Z,0.17713277,ETH,1080.24,0.6697106621268,-192.0156141269268,USDC
default,2567145,ETH-USDC,BUY,2021-01-11T07:45:40.323Z,0.20000000,ETH,1080.26,0.756182,-216.808182,USDC
default,2567146,ETH-USDC,BUY,2021-01-11T07:45:40.323Z,0.64652252,ETH,1080.32,2.4445792308224,-700.8957880372224,USDC
default,3434785,ETH-USDC,SELL,2021-02-04T09:11:37.276Z,1.02547042,ETH,1578.36,5.6649652223892,1612.8965268888108,USDC
default,3460920,ETH-USDC,BUY,2021-02-05T08:03:04.997Z,0.96000000,ETH,1670,5.6112,-1608.8112,USDC
default,3460922,ETH-USDC,BUY,2021-02-05T08:03:05.396Z,0.00601741,ETH,1670,0.03517176145,-10.08424646145,USDC
default,3513769,ETH-USDC,SELL,2021-02-07T04:37:20.104Z,0.96601741,ETH,1604.66,5.4254532399571,1544.7040438906429,USDC
default,3536960,ETH-USDC,BUY,2021-02-07T22:43:26.401Z,0.96793229,ETH,1590.31,5.38759340038465,-1544.69999351028465,USDC
default,4055355,AVAX-USD,BUY,2021-11-26T22:56:27.926Z,8.33200000,AVAX,105.13,3.06580106,-879.00896106,USD
default,4335979,AVAX-USD,SELL,2021-11-29T19:47:50.282Z,4.16000000,AVAX,114.57,1.6681392,474.9430608,USD
default,4564823,DOT-USD,BUY,2021-09-21T07:36:10.756Z,3.40000000,DOT,29,0.493,-99.093,USD
default,4603802,DOT-USD,BUY,2021-09-21T20:27:17.746Z,4.86800000,DOT,27,0.65718,-132.09318,USD
default,4618414,AVAX-USD,SELL,2021-12-01T21:03:58.577Z,4.17200000,AVAX,119.38,1.74318676,496.31017324,USD
default,4836153,AVAX-USD,BUY,2021-12-03T15:12:13.054Z,6.22000000,AVAX,108.19,2.3552963,-675.2970963,USD
default,4836154,AVAX-USD,BUY,2021-12-03T15:12:13.054Z,2.95800000,AVAX,108.19,1.12009107,-321.14611107,USD
default,5217021,DOT-USD,SELL,2021-10-02T02:32:32.653Z,4.13400000,DOT,32.08,0.46416552,132.15455448,USD
default,5221766,DOT-USD,SELL,2021-10-02T04:46:50.015Z,4.13000000,DOT,31.76,0.4590908,130.7097092,USD
default,5221787,DOT-USD,SELL,2021-10-02T04:47:32.138Z,0.00400000,DOT,31.76,0.00044464,0.12659536,USD
default,5371419,ETH-USDC,SELL,2021-04-18T00:27:20.653Z,0.02383477,ETH,2275,0.27112050875,53.95298124125,USDC
default,5371420,ETH-USDC,SELL,2021-04-18T00:27:20.653Z,0.02000000,ETH,2275,0.2275,45.2725,USDC
default,5371421,ETH-USDC,SELL,2021-04-18T00:27:20.653Z,0.00100000,ETH,2275,0.011375,2.263625,USDC
default,5371422,ETH-USDC,SELL,2021-04-18T00:27:20.653Z,0.02842417,ETH,2274,0.3231828129,64.3133797671,USDC
default,5371423,ETH-USDC,SELL,2021-04-18T00:27:20.653Z,0.06034271,ETH,2273.68,0.686000064364,136.514012808436,USDC
default,5371424,ETH-USDC,SELL,2021-04-18T00:27:20.653Z,0.06034404,ETH,2273.63,0.686000098326,136.514019566874,USDC
default,5371425,ETH-USDC,SELL,2021-04-18T00:27:20.653Z,0.06034696,ETH,2273.52,0.686000102496,136.514020396704,USDC
default,5371426,ETH-USDC,SELL,2021-04-18T00:27:20.653Z,0.03758007,ETH,2273.4,0.42717265569,85.00735848231,USDC
default,5371427,ETH-USDC,SELL,2021-04-18T00:27:20.653Z,0.04762780,ETH,2272.69,0.54121612391,107.70200865809,USDC
default,5371428,ETH-USDC,SELL,2021-04-18T00:27:20.653Z,0.00924231,ETH,2272.16,0.105000035448,20.895007054152,USDC
default,5371429,ETH-USDC,SELL,2021-04-18T00:27:20.653Z,0.02500000,ETH,2272,0.284,56.516,USDC
default,5371430,ETH-USDC,SELL,2021-04-18T00:27:20.653Z,0.26580816,ETH,2271.95,3.01951424556,600.88333486644,USDC
default,5371431,ETH-USDC,SELL,2021-04-18T00:27:20.653Z,0.21983000,ETH,2271.87,2.4971259105,496.9280561895,USDC
default,5371432,ETH-USDC,SELL,2021-04-18T00:27:20.653Z,0.49184396,ETH,2271.87,5.587027687026,1111.818509718174,USDC
default,5371433,ETH-USDC,SELL,2021-04-18T00:27:20.653Z,0.02722822,ETH,2271.83,0.309289435213,61.548597607387,USDC
default,5371434,ETH-USDC,SELL,2021-04-18T00:27:20.653Z,0.00219817,ETH,2271.8,0.02496901303,4.96883359297,USDC
default,5371435,ETH-USDC,SELL,2021-04-18T00:27:20.653Z,0.01005462,ETH,2271.63,0.114201882153,22.726174548447,USDC
default,5371436,ETH-USDC,SELL,2021-04-18T00:27:20.653Z,0.25197911,ETH,2271.22,2.861499971071,569.438494243129,USDC
default,5371437,ETH-USDC,SELL,2021-04-18T00:27:20.653Z,0.85335377,ETH,2270.86,9.689234710711,1928.157707431489,USDC
default,5402109,ETH-USDC,BUY,2021-04-18T08:52:18.128Z,0.44000000,ETH,2147.87,4.725314,-949.788114,USDC
default,5402110,ETH-USDC,BUY,2021-04-18T08:52:18.128Z,0.28000000,ETH,2148.06,3.007284,-604.464084,USDC
default,5402111,ETH-USDC,BUY,2021-04-18T08:52:18.128Z,1.89308089,ETH,2148.53,20.3367054229585,-4087.6777900146585,USDC
default,7540072,ADA-USD,BUY,2021-05-09T00:34:32.705Z,600.18000000,ADA,1.617,3.39671871,-973.88777871,USD
default,7987336,ADA-USD,BUY,2021-05-10T05:33:44.717Z,141.18000000,ADA,1.7645,0.871892385,-249.984002385,USD
default,9840277,SOL-USD,BUY,2021-09-10T15:27:25.760Z,0.96400000,SOL,173.032,0.83401424,-167.63686224,USD
default,9840278,SOL-USD,BUY,2021-09-10T15:27:25.760Z,3.28600000,SOL,173.065,2.84345795,-571.53504795,USD
default,11364589,ADA-USD,BUY,2021-05-17T01:12:59.604Z,8.64000000,ADA,2.1737,0.065732688,-18.846500688,USD
default,12864628,SOL-USD,BUY,2021-09-20T03:03:24.460Z,1.25000000,SOL,142.5,0.890625,-179.015625,USD
default,12986749,SOL-USD,BUY,2021-09-20T11:44:37.529Z,1.25000000,SOL,135,0.84375,-169.59375,USD
default,14546175,EOS-USD,BUY,2021-10-20T18:52:20.008Z,107.00000000,EOS,4.786,1.792357,-513.894357,USD
default,14546176,EOS-USD,BUY,2021-10-20T18:52:20.008Z,22.70000000,EOS,4.786,0.3802477,-109.0224477,USD
default,14694353,EOS-USD,BUY,2021-10-27T08:09:28.121Z,156.20000000,EOS,4.015,2.1950005,-629.3380005,USD
default,15179017,DOGE-USD,BUY,2021-10-12T15:45:57.754Z,928.50000000,DOGE,0.2224,0.7227444,-207.2211444,USD
default,15179018,DOGE-USD,BUY,2021-10-12T15:45:57.754Z,279.20000000,DOGE,0.2224,0.21732928,-62.31140928,USD
default,15287439,EOS-USD,BUY,2021-11-19T03:13:59.269Z,149.60000000,EOS,4.101,2.1472836,-615.6568836,USD
default,15287440,EOS-USD,BUY,2021-11-19T03:14:13.498Z,0.50000000,EOS,4.103,0.00718025,-2.05868025,USD
default,15395272,DOGE-USD,SELL,2021-10-15T07:27:16.699Z,603.90000000,DOGE,0.2322,0.49078953,139.73479047,USD
default,15395721,DOGE-USD,SELL,2021-10-15T07:40:11.280Z,57.80000000,DOGE,0.2326,0.04705498,13.39722502,USD
default,15395722,DOGE-USD,SELL,2021-10-15T07:40:12.079Z,38.60000000,DOGE,0.2326,0.03142426,8.94693574,USD
default,15395724,DOGE-USD,SELL,2021-10-15T07:40:18.620Z,80.80000000,DOGE,0.2326,0.06577928,18.72830072,USD
default,15395725,DOGE-USD,SELL,2021-10-15T07:40:20.151Z,45.00000000,DOGE,0.2326,0.0366345,10.4303655,USD
default,15395728,DOGE-USD,SELL,2021-10-15T07:40:21.493Z,381.60000000,DOGE,0.2326,0.31066056,88.44949944,USD
default,17915563,SOL-USD,SELL,2021-10-15T21:03:04.672Z,6.75000000,SOL,162,3.82725,1089.67275,USD
default,18145068,SOL-USD,BUY,2021-10-17T20:21:13.732Z,1.59200000,SOL,156.46,0.87179512,-249.95611512,USD
default,18419508,SOL-USD,SELL,2021-10-20T14:11:43.777Z,1.59200000,SOL,163.214,0.909428408,258.927259592,USD
default,20844710,DOGE-USD,BUY,2021-11-24T15:20:18.593Z,2703.10000000,DOGE,0.2151,2.035028835,-583.471838835,USD
default,20844711,DOGE-USD,BUY,2021-11-24T15:20:18.593Z,1945.90000000,DOGE,0.2151,1.464970815,-420.028060815,USD
default,25509223,SOL-USD,BUY,2021-11-19T03:17:52.935Z,3.85100000,SOL,192.759,2.5981021815,-744.9130111815,USD
default,25509261,SOL-USD,BUY,2021-11-19T03:18:00.050Z,0.01300000,SOL,192.681,0.0087669855,-2.5136199855,USD
default,26049153,SOL-USD,SELL,2021-11-21T21:16:50.231Z,3.86400000,SOL,233.408,3.156609792,898.731902208,USD
default,26128120,SOL-USD,BUY,2021-11-22T04:34:18.724Z,3.00100000,SOL,219.07,2.301001745,-659.730071745,USD
default,26607513,SOL-USD,BUY,2021-11-24T18:44:42.926Z,3.23900000,SOL,202.99,2.301196135,-659.785806135,USD
default,26993792,LINK-USD,BUY,2021-05-26T02:23:53.868Z,1.30000000,LINK,29.92799,0.1361723545,-39.0425593545,USD
default,26993793,LINK-USD,BUY,2021-05-26T02:23:53.868Z,6.28000000,LINK,29.92799,0.6578172202,-188.6055944202,USD
default,27251940,SOL-USD,BUY,2021-11-28T02:23:27.811Z,3.97300000,SOL,187.428,2.606280054,-747.257724054,USD
default,27342931,SOL-USD,BUY,2021-11-28T18:43:13.859Z,3.76900000,SOL,181.71,2.397027465,-687.262017465,USD
default,27342935,SOL-USD,BUY,2021-11-28T18:43:13.995Z,0.33100000,SOL,181.71,0.210511035,-60.356521035,USD
default,27554870,SOL-USD,SELL,2021-11-29T18:56:37.416Z,7.15500000,SOL,209.92,5.2569216,1496.7206784,USD
default,27618856,SOL-USD,BUY,2021-11-30T03:27:27.960Z,7.15800000,SOL,202.98,5.08525794,-1458.01609794,USD
default,27972291,SOL-USD,SELL,2021-12-01T15:14:02.027Z,0.00100000,SOL,227.244,0.000795354,0.226448646,USD
default,27972292,SOL-USD,SELL,2021-12-01T15:14:02.027Z,0.00600000,SOL,227.201,0.004771221,1.358434779,USD
default,27972293,SOL-USD,SELL,2021-12-01T15:14:02.027Z,0.80000000,SOL,227.201,0.6361628,181.1246372,USD
default,27972294,SOL-USD,SELL,2021-12-01T15:14:02.027Z,0.01000000,SOL,227.2,0.007952,2.264048,USD
default,27972295,SOL-USD,SELL,2021-12-01T15:14:02.027Z,0.46500000,SOL,227.2,0.369768,105.278232,USD
default,27972296,SOL-USD,SELL,2021-12-01T15:14:02.027Z,5.87600000,SOL,227.197,4.672533502,1330.337038498,USD
default,28544227,SOL-USD,SELL,2021-12-03T16:55:47.178Z,7.15800000,SOL,218.55,5.47533315,1558.90556685,USD
default,28614119,SOL-USD,BUY,2021-12-03T20:18:56.076Z,6.25000000,SOL,208.17,4.55371875,-1305.61621875,USD
default,34236102,ADA-USD,BUY,2021-09-19T22:37:56.206Z,425.00000000,ADA,2.28,4.845,-973.845,USD
default,34961478,ADA-USD,SELL,2021-09-21T22:35:38.177Z,168.22000000,ADA,2.001,1.6830411,334.9251789,USD
default,34961479,ADA-USD,SELL,2021-09-21T22:35:38.177Z,174.86000000,ADA,2.0009,1.74938687,348.12798713,USD
default,34961480,ADA-USD,SELL,2021-09-21T22:35:38.177Z,34.49000000,ADA,2.0006,0.34500347,68.65569053,USD
default,34961481,ADA-USD,SELL,2021-09-21T22:35:38.177Z,209.93000000,ADA,2.0006,2.09992979,417.88602821,USD
default,35997283,LINK-USD,BUY,2021-09-17T23:54:31.596Z,4.88000000,LINK,27.6406,0.67443064,-135.56055864,USD
default,36072384,ADA-USD,BUY,2021-09-27T23:38:46.565Z,186.22000000,ADA,2.155,1.40456435,-402.70866435,USD
default,36224790,LINK-USD,BUY,2021-09-20T17:38:56.894Z,0.10000000,LINK,24.7107,0.01235535,-2.48342535,USD
default,36224791,LINK-USD,BUY,2021-09-20T17:38:56.894Z,7.02000000,LINK,24.71635,0.867543885,-174.376320885,USD
default,37619366,ADA-USD,BUY,2021-10-07T22:43:45.976Z,22.15000000,ADA,2.267,0.175749175,-50.389799175,USD
default,37619413,ADA-USD,BUY,2021-10-07T22:44:06.885Z,66.30000000,ADA,2.267,0.52605735,-150.82815735,USD
default,37644340,ADA-USD,BUY,2021-10-08T03:09:13.188Z,88.86000000,ADA,2.257,0.70194957,-201.25896957,USD
default,38150510,ADA-USD,BUY,2021-10-12T06:38:10.467Z,49.00000000,ADA,2.1177,0.36318555,-104.13048555,USD
default,38151168,ADA-USD,BUY,2021-10-12T06:49:23.707Z,24.97000000,ADA,2.1075,0.1841849625,-52.8084599625,USD
default,38205508,ADA-USD,BUY,2021-10-12T15:14:22.409Z,43.13000000,ADA,2.1077,0.3181678535,-91.2232688535,USD
default,38205511,ADA-USD,BUY,2021-10-12T15:14:23.603Z,110.00000000,ADA,2.1077,0.8114645,-232.6584645,USD
default,38205512,ADA-USD,BUY,2021-10-12T15:14:23.906Z,0.05000000,ADA,2.1077,0.0003688475,-0.1057538475,USD
default,38282391,ADA-USD,BUY,2021-10-13T05:39:05.269Z,76.96000000,ADA,2.0977,0.565036472,-162.004028472,USD
default,38285722,ADA-USD,BUY,2021-10-13T05:58:34.441Z,77.32000000,ADA,2.0878,0.565000436,-161.993696436,USD
default,38403107,ADA-USD,SELL,2021-10-14T03:28:55.952Z,1.12000000,ADA,2.1755,0.00852796,2.42803204,USD
default,38403108,ADA-USD,SELL,2021-10-14T03:28:56.945Z,46.20000000,ADA,2.1755,0.35177835,100.15632165,USD
default,38403109,ADA-USD,SELL,2021-10-14T03:28:58.591Z,21.96000000,ADA,2.1755,0.16720893,47.60677107,USD
default,38403111,ADA-USD,SELL,2021-10-14T03:29:01.874Z,4.12000000,ADA,2.1755,0.03137071,8.93168929,USD
default,38403112,ADA-USD,SELL,2021-10-14T03:29:01.896Z,11.44000000,ADA,2.1755,0.08710702,24.80061298,USD
default,38403114,ADA-USD,SELL,2021-10-14T03:29:04.060Z,45.73000000,ADA,2.1755,0.3481996525,99.1374153475,USD
default,38403115,ADA-USD,SELL,2021-10-14T03:29:04.240Z,100.43000000,ADA,2.1755,0.7646991275,217.7207658725,USD
default,38747632,LINK-USD,SELL,2021-10-21T01:25:17.580Z,3.42000000,LINK,27.85,0.3333645,94.9136355,USD
default,38747633,LINK-USD,SELL,2021-10-21T01:25:17.658Z,0.37000000,LINK,27.85,0.03606575,10.26843425,USD
default,38747652,LINK-USD,SELL,2021-10-21T01:25:23.508Z,1.00000000,LINK,27.85,0.097475,27.752525,USD
default,38747661,LINK-USD,SELL,2021-10-21T01:25:32.890Z,4.99000000,LINK,27.85,0.48640025,138.48509975,USD
default,38777464,LINK-USD,SELL,2021-10-21T09:03:34.335Z,9.80000000,LINK,28.17,0.966231,275.099769,USD
default,38815886,ADA-USD,BUY,2021-10-17T00:05:12.403Z,7.00000000,ADA,2.1707,0.05318215,-15.24808215,USD
default,38815887,ADA-USD,BUY,2021-10-17T00:05:12.403Z,98.42000000,ADA,2.1707,0.747741029,-214.388035029,USD
default,38889630,ADA-USD,BUY,2021-10-17T20:20:46.603Z,237.35000000,ADA,2.1025,1.7465993125,-500.7749743125,USD
default,39350558,ADA-USD,SELL,2021-10-21T01:59:17.453Z,194.00000000,ADA,2.2324,1.082714,432.002886,USD
default,39416887,ADA-USD,BUY,2021-10-21T11:34:20.713Z,161.24000000,ADA,2.1758,0.526238988,-351.352230988,USD
default,39417832,ADA-USD,BUY,2021-10-21T11:34:26.330Z,163.66000000,ADA,2.1437,0.526256913,-351.364198913,USD
default,40763152,ADA-USD,BUY,2021-10-28T02:06:26.391Z,512.45000000,ADA,1.9345,3.4696708375,-994.8041958375,USD
default,40943947,ADA-USD,SELL,2021-10-28T16:39:31.171Z,23.67000000,ADA,2.019,0.167264055,47.622465945,USD
default,40943948,ADA-USD,SELL,2021-10-28T16:39:32.191Z,97.33000000,ADA,2.019,0.687782445,195.821487555,USD
default,40943950,ADA-USD,SELL,2021-10-28T16:39:33.810Z,16.29000000,ADA,2.019,0.115113285,32.774396715,USD
default,40943951,ADA-USD,SELL,2021-10-28T16:39:33.819Z,12.99000000,ADA,2.019,0.091793835,26.135016165,USD
default,40943952,ADA-USD,SELL,2021-10-28T16:39:33.864Z,1.46000000,ADA,2.019,0.01031709,2.93742291,USD
default,40943953,ADA-USD,SELL,2021-10-28T16:39:34.254Z,360.71000000,ADA,2.019,2.548957215,725.724532785,USD
default,40971600,ADA-USD,BUY,2021-10-28T18:39:56.107Z,262.31000000,ADA,1.9584,1.797977664,-515.505881664,USD
default,41193380,ADA-USD,SELL,2021-10-29T16:31:12.929Z,262.31000000,ADA,2.0204,1.854898934,528.116225066,USD
default,43366038,ADA-USD,SELL,2021-11-09T15:10:13.467Z,197.07000000,ADA,2.2908,1.580067846,449.867888154,USD
default,43366039,ADA-USD,SELL,2021-11-09T15:10:13.467Z,375.93000000,ADA,2.2908,3.014131554,858.166312446,USD
default,43697738,ADA-USD,BUY,2021-11-10T19:39:46.241Z,35.66000000,ADA,2.22,0.2770782,-79.4422782,USD
default,43697739,ADA-USD,BUY,2021-11-10T19:39:46.241Z,257.91000000,ADA,2.22,2.0039607,-574.5641607,USD
default,43747278,ADA-USD,BUY,2021-11-10T21:20:22.727Z,317.92000000,ADA,2.05,2.281076,-654.017076,USD
default,44517618,ADA-USD,BUY,2021-11-16T01:05:14.202Z,533.31000000,ADA,1.95,3.63984075,-1043.59434075,USD
default,45286398,ADA-USD,BUY,2021-11-19T03:15:31.019Z,439.24000000,ADA,1.7686,2.718939524,-779.558803524,USD
default,45286416,ADA-USD,BUY,2021-11-19T03:15:39.007Z,0.59000000,ADA,1.768,0.00365092,-1.04677092,USD
default,45966363,ADA-USD,BUY,2021-11-24T02:59:30.247Z,590.40000000,ADA,1.68,3.471552,-995.343552,USD
default,46499697,ADA-USD,BUY,2021-11-26T08:26:39.755Z,655.60000000,ADA,1.52,3.487792,-999.999792,USD
default,58716192,ETH-USD,SELL,2020-05-30T05:46:43.099Z,3.06120714,ETH,228.9,3.50355157173,697.20676277427,USD
default,58716969,ETH-USD,BUY,2020-05-30T05:54:01.535Z,3.00889722,ETH,230.56,3.468656715216,-697.199999758416,USD
default,58723739,ETH-USD,SELL,2020-05-30T09:54:18.570Z,3.00889722,ETH,232.01,3.490471220061,694.603772792139,USD
default,58744038,ETH-USD,BUY,2020-05-30T20:29:22.407Z,2.93110359,ETH,235.8,3.45577113261,-694.60999765461,USD
default,58756172,ETH-USD,SELL,2020-05-30T23:23:49.799Z,1.90000000,ETH,242.58,2.30451,458.59749,USD
default,58756173,ETH-USD,SELL,2020-05-30T23:23:49.799Z,1.03110359,ETH,242.57,1.2505739891315,248.8642238371685,USD
default,58760077,ETH-USD,BUY,2020-05-31T00:57:52.449Z,2.85892984,ETH,245,3.502189054,-703.939999854,USD
default,58809888,ETH-USD,SELL,2020-06-01T08:26:28.839Z,0.00001503,ETH,237,0.00001781055,0.00354429945,USD
default,58809889,ETH-USD,SELL,2020-06-01T08:26:28.839Z,2.85891481,ETH,237,3.38781404985,674.17499592015,USD
default,58828286,ETH-USD,BUY,2020-06-01T20:47:03.967Z,2.78050942,ETH,242.52,3.371645722692,-677.700790261092,USD
default,58855792,ETH-USD,SELL,2020-06-02T05:54:25.659Z,2.78050942,ETH,248,3.4478316808,686.1185044792,USD
default,58892601,ETH-USD,BUY,2020-06-02T19:20:54.825Z,2.88061173,ETH,236,3.3991218414,-683.2234901214,USD
default,58896843,ETH-USD,SELL,2020-06-02T21:46:11.729Z,0.10000000,ETH,237.97,0.118985,23.678015,USD
default,58896844,ETH-USD,SELL,2020-06-02T21:46:11.729Z,2.78061173,ETH,237.94,3.308093775181,658.310661261019,USD
default,58897742,ETH-USD,BUY,2020-06-02T22:14:34.694Z,0.25932798,ETH,239.28,0.310259995272,-62.362259049672,USD
default,58897743,ETH-USD,BUY,2020-06-02T22:14:34.694Z,2.58608459,ETH,239.32,3.094508820394,-621.996272899194,USD
default,58898869,ETH-USD,SELL,2020-06-02T22:52:48.513Z,0.96397684,ETH,237.14,1.142987339188,227.454480498412,USD
default,58898870,ETH-USD,SELL,2020-06-02T22:52:48.513Z,1.88143573,ETH,237.14,2.230818345061,443.932850667139,USD
default,61073271,LTC-USD,BUY,2021-04-18T09:05:37.161Z,2.50602752,LTC,258.47,2.2670652658304,-649.9999983602304,USD
default,61355205,ETH-USD,BUY,2020-08-05T20:49:41.364Z,1.67054707,ETH,400.21,3.3428482144235,-671.9124910991235,USD
default,61752445,LTC-USD,BUY,2021-04-22T07:01:50.127Z,0.45316577,LTC,264.48,0.4194864899736,-120.2727693395736,USD
default,61752446,LTC-USD,BUY,2021-04-22T07:01:50.127Z,3.05481000,LTC,264.48,2.8277765208,-810.7639253208,USD
default,61752447,LTC-USD,BUY,2021-04-22T07:01:50.127Z,0.24669142,LTC,264.48,0.2283573136656,-65.4733040752656,USD
default,64128520,LTC-USD,SELL,2021-05-06T18:43:44.237Z,6.26069471,LTC,325,7.121540232625,2027.604240517375,USD
default,66947633,ETH-USD,SELL,2020-11-15T22:36:33.305Z,1.67054707,ETH,445,3.71696723075,739.67647891925,USD
default,67056460,ETH-USD,BUY,2020-11-17T17:06:14.431Z,1.54786956,ETH,475.49,3.679982485422,-739.676479569822,USD
default,68068566,ETH-USD,SELL,2020-11-25T23:22:33.856Z,1.54786956,ETH,560,4.334034768,862.472918832,USD
default,69443453,ETH-USD,BUY,2020-12-10T16:16:35.723Z,1.53000000,ETH,558.36,4.271454,-858.562254,USD
default,69443454,ETH-USD,BUY,2020-12-10T16:16:35.943Z,0.00696899,ETH,558.36,0.019456026282,-3.910661282682,USD
default,70149510,ETH-USD,SELL,2020-12-18T13:59:14.019Z,0.15600000,ETH,639.43,0.4987554,99.2523246,USD
default,70149511,ETH-USD,SELL,2020-12-18T13:59:14.019Z,0.01404518,ETH,639.37,0.044900333683,8.935166402917,USD
default,70149512,ETH-USD,SELL,2020-12-18T13:59:14.019Z,1.36692381,ETH,639.2,4.36868849676,869.36901085524,USD
default,70267169,ETH-USD,BUY,2020-12-19T17:09:20.874Z,0.57056917,ETH,670,1.9114067195,-384.1927506195,USD
default,70267170,ETH-USD,BUY,2020-12-19T17:09:20.874Z,0.45399922,ETH,670,1.520897387,-305.700374787,USD
default,70267171,ETH-USD,BUY,2020-12-19T17:09:20.874Z,0.01000000,ETH,670.01,0.0335005,-6.7336005,USD
default,70267172,ETH-USD,BUY,2020-12-19T17:09:20.874Z,0.16037325,ETH,670.01,0.5372584061625,-107.9889396386625,USD
default,70267173,ETH-USD,BUY,2020-12-19T17:09:20.874Z,0.24608508,ETH,670.03,0.824421930762,-165.708808083162,USD
default,70369004,ETH-USD,SELL,2020-12-20T21:37:28.452Z,1.44102672,ETH,632,4.5536444352,906.1752426048,USD
default,70931163,ETH-USD,BUY,2020-12-25T11:29:52.836Z,0.16154944,ETH,630.13,0.508985743136,-102.306134370336,USD
default,70931164,ETH-USD,BUY,2020-12-25T11:29:52.836Z,1.26973081,ETH,630.14,4.000540863067,-804.108713476467,USD
default,71124027,ETH-USD,BUY,2020-12-27T08:40:47.647Z,0.01073775,ETH,647.82,0.034780646025,-6.990909851025,USD
default,71459064,ETH-USD,SELL,2020-12-28T22:33:58.819Z,1.44201800,ETH,720,5.1912648,1033.0616952,USD
default,71582796,ETH-USD,BUY,2020-12-29T12:05:56.246Z,1.35000000,ETH,735,4.96125,-997.21125,USD
default,71618192,ETH-USD,SELL,2020-12-29T16:31:22.306Z,1.35000000,ETH,705,4.75875,946.99125,USD
default,71639758,ETH-USD,BUY,2020-12-29T19:09:23.598Z,1.34900853,ETH,724.94,4.889751218691,-982.839994956891,USD
default,71833534,ETH-USD,SELL,2020-12-31T01:08:49.394Z,1.24521486,ETH,735,4.5761646105,910.6567574895,USD
default,71833535,ETH-USD,SELL,2020-12-31T01:08:49.394Z,0.10379367,ETH,735,0.38144173725,75.90690571275,USD
default,71853948,ETH-USD,BUY,2020-12-31T04:02:41.816Z,0.93295643,ETH,744.49,3.4728836628535,-698.0496162335535,USD
default,71853949,ETH-USD,BUY,2020-12-31T04:02:41.816Z,0.37903724,ETH,744.49,1.410947174038,-283.600381981638,USD
default,72686012,ETH-USD,SELL,2021-01-03T23:57:41.336Z,1.31199366,ETH,965,4.43125858665,1261.64262331335,USD
default,72743564,ETH-USD,BUY,2021-01-04T03:27:00.674Z,0.17309128,ETH,995.05,0.602820673574,-172.837298837574,USD
default,72743565,ETH-USD,BUY,2021-01-04T03:27:00.674Z,1.00000000,ETH,995.05,3.482675,-998.532675,USD
default,72743566,ETH-USD,BUY,2021-01-04T03:27:00.674Z,0.09090249,ETH,995.06,0.3165870109479,-90.7700187103479,USD
default,72897571,ETH-USD,SELL,2021-01-04T08:34:02.654Z,1.00000000,ETH,1040,3.64,1036.36,USD
default,72897574,ETH-USD,SELL,2021-01-04T08:34:03.498Z,0.26000000,ETH,1040,0.9464,269.4536,USD
default,72897577,ETH-USD,SELL,2021-01-04T08:34:03.909Z,0.00399378,ETH,1040,0.0145373592,4.1389938408,USD
default,73178079,ETH-USD,BUY,2021-01-05T00:05:15.090Z,1.22410079,ETH,1065,4.562835694725,-1308.230177044725,USD
default,73211428,ETH-USD,SELL,2021-01-05T00:57:41.960Z,1.03594980,ETH,1095,3.9702776085,1130.3947533915,USD
default,73211429,ETH-USD,SELL,2021-01-05T00:57:41.960Z,0.18815099,ETH,1095,0.721088669175,205.304245380825,USD
default,73434216,ETH-USD,BUY,2021-01-05T16:25:49.556Z,1.22675308,ETH,1085,4.6585948213,-1335.6856866213,USD
default,74023573,ETH-USD,SELL,2021-01-07T08:16:44.901Z,1.22675308,ETH,1174.7,5.043733950766,1436.023109125234,USD
default,74367296,ETH-USD,BUY,2021-01-08T04:41:47.821Z,1.21792231,ETH,1175,5.008705499875,-1436.067419749875,USD
default,75098744,ETH-USD,SELL,2021-01-10T12:04:10.040Z,1.21792231,ETH,1255,5.349723746675,1523.142775303325,USD
default,75252734,ETH-USD,BUY,2021-01-10T20:56:46.869Z,1.22088133,ETH,1248.21,5.33370699721755,-1529.24999191651755,USD
default,75683280,ETH-USD,SELL,2021-01-11T15:49:27.727Z,1.26758974,ETH,974.56,4.3236978995504,1231.0185591148496,USD
default,78517437,ETH-USD,BUY,2021-01-21T18:39:58.038Z,0.19117430,ETH,1196.25,0.8004228973125,-229.4926792723125,USD
default,78517438,ETH-USD,BUY,2021-01-21T18:39:58.038Z,0.08786560,ETH,1196.25,0.367882284,-105.477106284,USD
default,78517439,ETH-USD,BUY,2021-01-21T18:39:58.038Z,0.74643052,ETH,1196.26,3.1252374084932,-896.0502112636932,USD
default,88258417,ETH-USD,BUY,2021-02-24T05:30:39.308Z,1.00000000,ETH,1627.81,8.13905,-1635.94905,USD
default,88258418,ETH-USD,BUY,2021-02-24T05:30:39.308Z,0.52810655,ETH,1627.99,4.2987609116725,-864.0509432461725,USD
default,99861894,ETH-USD,BUY,2021-04-18T08:59:26.124Z,0.39456746,ETH,2143.54,4.228855666042,-849.999988874442,USD
default,109698543,ETH-USD,BUY,2021-05-10T04:39:38.708Z,0.06251183,ETH,4065,0.889387061325,-254.999976011325,USD
default,109733102,ETH-USD,BUY,2021-05-10T05:35:21.641Z,0.12124560,ETH,4103.56,1.741385080176,-499.279979416176,USD
default,110689341,ETH-USD,SELL,2021-05-11T04:05:51.026Z,0.16000000,ETH,3855.37,2.1590072,614.7001928,USD
default,110689342,ETH-USD,SELL,2021-05-11T04:05:51.026Z,0.59055790,ETH,3855.15,7.9684125086475,2268.7208756763525,USD
default,110689343,ETH-USD,SELL,2021-05-11T04:05:51.026Z,0.55375422,ETH,3855.05,7.4716257203385,2127.2785800906615,USD
default,110689344,ETH-USD,SELL,2021-05-11T04:05:51.026Z,1.81354466,ETH,3855.04,24.4695052213024,6966.8177008650976,USD
default,110725513,ETH-USD,BUY,2021-05-11T05:23:55.768Z,0.07648592,ETH,3908.61,1.0463377111992,-299.9999694823992,USD
default,112082888,ETH-USD,BUY,2021-05-13T00:01:04.782Z,0.02518307,ETH,3803.57,0.33524949345965,-96.12081905335965,USD
default,112082889,ETH-USD,BUY,2021-05-13T00:01:04.782Z,3.11213290,ETH,3803.58,41.430362595237,-11878.676818377237,USD
default,114826465,ETH-USD,SELL,2021-05-17T01:08:55.639Z,0.01862189,ETH,3419.28,0.2228570961372,63.4505989430628,USD
default,115309944,ETH-USD,SELL,2021-05-17T17:01:02.656Z,3.15000000,ETH,3200,35.28,10044.72,USD
default,122901871,ETH-USD,BUY,2021-05-26T02:15:40.614Z,0.40000000,ETH,2794.58,3.912412,-1121.744412,USD
default,122901872,ETH-USD,BUY,2021-05-26T02:15:40.614Z,0.40000000,ETH,2794.69,3.912566,-1121.788566,USD
default,122901873,ETH-USD,BUY,2021-05-26T02:15:40.614Z,1.90200000,ETH,2794.72,18.60445104,-5334.16189104,USD
default,122901874,ETH-USD,BUY,2021-05-26T02:15:40.614Z,0.79800000,ETH,2794.97,7.80635121,-2238.19241121,USD
default,158506330,ETH-USD,SELL,2021-09-21T22:16:54.899Z,1.10000000,ETH,2826.83,15.547565,3093.965435,USD
default,158506331,ETH-USD,SELL,2021-09-21T22:16:54.899Z,0.03440403,ETH,2826.69,0.4862476378035,96.7632799228965,USD
default,158506332,ETH-USD,SELL,2021-09-21T22:16:54.899Z,0.21000000,ETH,2826.65,2.9679825,590.6285175,USD
default,158506333,ETH-USD,SELL,2021-09-21T22:16:54.899Z,0.40559597,ETH,2826.61,5.7323081238085,1140.7293166378915,USD
default,160288851,ETH-USD,BUY,2021-09-26T08:21:10.709Z,1.12024918,ETH,2745,15.3754199955,-3090.4594190955,USD
default,160497482,ETH-USD,SELL,2021-09-27T00:30:07.371Z,0.01185266,ETH,3045,0.12631972395,35.96502997605,USD
default,160497484,ETH-USD,SELL,2021-09-27T00:30:09.267Z,1.42300000,ETH,3045,15.1656225,4317.8693775,USD
default,160497485,ETH-USD,SELL,2021-09-27T00:30:09.284Z,0.00027193,ETH,3045,0.002898093975,0.825128756025,USD
default,160504168,ETH-USD,SELL,2021-09-27T00:51:43.026Z,0.01085657,ETH,3116.5,0.1184207514175,33.7160796535825,USD
default,160504270,ETH-USD,SELL,2021-09-27T00:51:53.992Z,0.70670572,ETH,3116.5,7.70856931733,2194.73980706267,USD
default,160676968,ETH-USD,BUY,2021-09-27T16:46:55.397Z,0.09982382,ETH,3007.5,1.050770485275,-301.270909135275,USD
default,160676969,ETH-USD,BUY,2021-09-27T16:46:55.397Z,0.63855805,ETH,3007.5,6.7216216738125,-1927.1849570488125,USD
default,160811370,ETH-USD,BUY,2021-09-28T01:05:18.793Z,1.49657734,ETH,2900,15.190260001,-4355.264546001,USD
default,162257036,ETH-USD,SELL,2021-10-02T03:02:57.702Z,0.93200000,ETH,3292.88,10.74137456,3058.22278544,USD
default,162257037,ETH-USD,SELL,2021-10-02T03:02:57.702Z,0.01000000,ETH,3292.68,0.1152438,32.8115562,USD
default,162257038,ETH-USD,SELL,2021-10-02T03:02:57.702Z,0.16519557,ETH,3292.68,1.9037765229966,542.0323729046034,USD
default,162392084,ETH-USD,SELL,2021-10-02T16:43:22.506Z,1.47626075,ETH,3427,17.707009565875,5041.438580684125,USD
default,162499845,ETH-USD,BUY,2021-10-03T00:46:45.613Z,0.43417470,ETH,3375,5.12868864375,-1470.46830114375,USD
default,162509135,ETH-USD,BUY,2021-10-03T01:23:44.584Z,0.05971298,ETH,3375.75,0.7055163228225,-202.2816085578225,USD
default,162509136,ETH-USD,BUY,2021-10-03T01:23:45.764Z,0.04394569,ETH,3375.75,0.51922382056125,-148.86888683806125,USD
default,162509143,ETH-USD,BUY,2021-10-03T01:23:50.582Z,0.11300000,ETH,3375.75,1.335109125,-382.794859125,USD
default,162509144,ETH-USD,BUY,2021-10-03T01:23:50.598Z,0.00038045,ETH,3375.75,0.00449506430625,-1.28879915180625,USD
default,162509323,ETH-USD,BUY,2021-10-03T01:25:04.990Z,0.21700000,ETH,3366.7,2.55700865,-733.13090865,USD
default,162509325,ETH-USD,BUY,2021-10-03T01:25:05.104Z,0.00062255,ETH,3366.7,0.0073357867975,-2.1032748717975,USD
default,163376679,ETH-USD,SELL,2021-10-05T23:51:11.957Z,0.04911985,ETH,3520,0.605156552,172.296715448,USD
default,163376688,ETH-USD,SELL,2021-10-05T23:51:16.017Z,0.01350661,ETH,3520,0.1664014352,47.3768657648,USD
default,163376689,ETH-USD,SELL,2021-10-05T23:51:16.264Z,0.00254830,ETH,3520,0.031395056,8.938620944,USD
default,163376703,ETH-USD,SELL,2021-10-05T23:51:19.654Z,0.05653550,ETH,3520,0.69651736,198.30844264,USD
default,163376705,ETH-USD,SELL,2021-10-05T23:51:20.032Z,0.00254848,ETH,3520,0.0313972736,8.9392523264,USD
default,163376706,ETH-USD,SELL,2021-10-05T23:51:20.427Z,0.02671775,ETH,3520,0.32916268,93.71731732,USD
default,163376739,ETH-USD,SELL,2021-10-05T23:51:37.781Z,0.46700000,ETH,3520,5.75344,1638.08656,USD
default,163376740,ETH-USD,SELL,2021-10-05T23:51:37.800Z,0.00097351,ETH,3520,0.0119936432,3.4147615568,USD
default,163439423,ETH-USD,BUY,2021-10-06T05:05:09.321Z,0.57473096,ETH,3459.77,6.9595292671772,-1995.3964627463772,USD
default,163439424,ETH-USD,BUY,2021-10-06T05:05:09.357Z,0.05060144,ETH,3459.77,0.6127427042408,-175.6820867730408,USD
default,164066042,ETH-USD,SELL,2021-10-07T16:12:28.663Z,0.62214198,ETH,3570,7.7736640401,2213.2732045599,USD
default,164778249,ETH-USD,BUY,2021-10-10T01:26:06.920Z,0.31600274,ETH,3489.77,3.8597190868943,-1106.6366010566943,USD
default,164966574,ETH-USD,BUY,2021-10-10T21:04:52.684Z,0.31872625,ETH,3459.95,3.85971911040625,-1106.63660779790625,USD
default,168707803,ETH-USD,SELL,2021-10-20T19:05:35.146Z,0.32573018,ETH,4137,4.71641014131,1342.82934451869,USD
default,168707804,ETH-USD,SELL,2021-10-20T19:05:35.209Z,0.30270530,ETH,4137,4.38302139135,1247.90880470865,USD
default,169586734,ETH-USD,BUY,2021-10-22T13:57:58.750Z,0.39063000,ETH,4066.8,5.560149294,-1594.174233294,USD
default,169586735,ETH-USD,BUY,2021-10-22T13:57:58.750Z,0.25807000,ETH,4066.94,3.6734432203,-1053.2286490203,USD
default,169652342,ETH-USD,BUY,2021-10-22T15:53:51.331Z,0.17398075,ETH,3969.99,2.41745643192375,-693.11929412442375,USD
default,169652346,ETH-USD,BUY,2021-10-22T15:53:51.880Z,0.00335722,ETH,3969.99,0.0466484543973,-13.3747782821973,USD
default,169652347,ETH-USD,BUY,2021-10-22T15:53:52.007Z,0.32221424,ETH,3969.99,4.4771555873016,-1283.6644662449016,USD
default,172339360,ETH-USD,SELL,2021-10-28T16:12:01.091Z,0.75000000,ETH,4185,10.985625,3127.764375,USD
default,172621703,ETH-USD,SELL,2021-10-29T00:46:12.483Z,0.31883833,ETH,4316.51,4.81694093939905,1371.45189888890095,USD
default,172621705,ETH-USD,SELL,2021-10-29T00:46:12.566Z,0.19450552,ETH,4316.51,2.9385475774732,836.6464745577268,USD
default,174134148,ETH-USD,BUY,2021-11-01T02:31:00.862Z,0.21664565,ETH,4205,3.188482353875,-914.183440603875,USD
default,177430222,ETH-USD,SELL,2021-11-08T06:27:07.204Z,0.72998950,ETH,4756.94,12.153806882455,3460.362445247545,USD
default,180551414,ETH-USD,BUY,2021-11-16T01:03:28.973Z,0.56514509,ETH,4395.27,8.69387840903505,-2492.65913813333505,USD
default,181946556,ETH-USD,BUY,2021-11-18T16:03:13.957Z,0.61407622,ETH,4050.77,8.7061853539129,-2496.1877150433129,USD
default,186460891,ETH-USD,SELL,2021-11-30T14:12:16.403Z,0.58961065,ETH,4670.71,9.63865125671525,2744.26170780478475,USD
default,187214278,ETH-USD,SELL,2021-12-01T19:17:25.306Z,0.02908462,ETH,4602.44,0.4685107646548,133.3917077081452,USD
default,187214279,ETH-USD,SELL,2021-12-01T19:17:25.343Z,0.00759329,ETH,4602.44,0.1223168156966,34.8253448119034,USD
default,187214280,ETH-USD,SELL,2021-12-01T19:17:25.391Z,0.13783582,ETH,4602.44,2.2203338199028,632.1607575808972,USD
default,187214281,ETH-USD,SELL,2021-12-01T19:17:25.394Z,0.00216951,ETH,4602.44,0.0349476386154,9.9500919657846,USD
default,187214283,ETH-USD,SELL,2021-12-01T19:17:25.556Z,0.00029145,ETH,4602.44,0.004694833983,1.336686304017,USD
default,187214284,ETH-USD,SELL,2021-12-01T19:17:25.624Z,0.41263597,ETH,4602.44,6.6469630281838,1892.4853307386162,USD
default,187644177,ETH-USD,BUY,2021-12-02T16:17:07.033Z,0.55232957,ETH,4526.58,8.7505739473971,-2508.9145589179971,USD
default,187644178,ETH-USD,BUY,2021-12-02T16:17:07.033Z,0.02555584,ETH,4526.58,0.4048819397952,-116.0854361669952,USD
